計罰,總額預定,賠償,工期,延遲,心證,逾期,id,Target
0,3,17,3,0,0,43,1,compensatory
0,0,24,82,0,1,22,2,compensatory
0,0,12,1,0,0,5,3,compensatory
0,0,15,1,0,0,16,4,compensatory
0,0,3,0,0,0,1,5,compensatory
5,0,2,1,1,0,6,6,compensatory
0,0,2,0,0,1,1,7,compensatory
0,0,34,4,0,1,23,8,compensatory
0,0,9,18,0,0,3,9,compensatory
0,0,5,3,0,0,5,10,notdefine
0,0,35,93,0,3,15,11,compensatory
0,5,13,12,0,0,5,12,compensatory
0,1,11,0,0,0,0,13,compensatory
0,0,9,0,0,1,0,14,compensatory
0,0,53,94,1,0,9,15,compensatory
0,0,53,94,1,0,9,16,compensatory
0,1,11,0,0,0,1,17,punitive
0,0,21,0,0,0,0,18,compensatory
0,0,4,0,0,1,0,19,punitive
0,0,1,76,0,0,24,20,compensatory
0,3,17,3,0,0,43,21,compensatory
0,0,24,82,0,1,22,22,compensatory
0,0,12,1,0,0,5,23,compensatory
0,0,15,1,0,0,16,24,compensatory
0,0,3,0,0,0,1,25,compensatory
5,0,2,1,1,0,6,26,compensatory
0,0,2,0,0,1,1,27,compensatory
0,0,34,4,0,1,23,28,compensatory
0,0,9,18,0,0,3,29,compensatory
0,0,5,3,0,0,5,30,punitive
0,0,35,93,0,3,15,31,compensatory
0,5,13,12,0,0,5,32,compensatory
0,1,11,0,0,0,0,33,compensatory
0,0,9,0,0,1,0,34,punitive
0,0,53,94,1,0,9,35,compensatory
0,0,53,94,1,0,9,36,compensatory
0,1,11,0,0,0,1,37,compensatory
0,0,21,0,0,0,0,38,punitive
0,0,4,0,0,1,0,39,punitive
0,0,1,76,0,0,24,40,compensatory
0,0,19,8,0,2,8,41,punitive
0,0,43,70,0,0,27,42,punitive
0,0,23,0,0,0,2,43,compensatory
0,0,1,6,0,1,6,44,compensatory
0,1,3,0,0,0,0,45,compensatory
2,3,24,66,0,1,59,46,compensatory
0,0,3,0,0,0,6,47,compensatory
1,0,12,3,2,0,11,48,compensatory
0,0,1,0,0,0,0,49,compensatory
15,1,8,15,0,1,46,50,compensatory
3,0,17,15,0,0,13,51,compensatory
0,2,25,1,0,0,20,52,punitive
0,0,2,12,0,1,15,53,punitive
3,0,15,19,0,1,17,54,compensatory
3,0,0,171,3,1,4,55,compensatory
0,0,0,14,4,1,0,56,compensatory
2,3,11,30,0,0,2,57,compensatory
0,0,2,8,1,1,7,58,punitive
3,0,11,29,0,0,30,59,punitive
0,0,8,2,0,0,3,60,punitive
1,1,3,0,0,0,18,61,punitive
0,0,22,35,0,0,0,62,punitive
5,0,1,5,0,0,10,63,punitive
0,0,14,2,0,2,26,64,compensatory
0,0,15,17,0,0,4,65,compensatory
0,0,6,2,0,1,3,66,compensatory
1,1,10,82,1,1,39,67,compensatory
0,0,10,7,0,0,1,68,compensatory
4,1,3,73,0,0,45,69,punitive
0,0,0,2,0,0,4,70,punitive
0,0,19,55,3,0,21,71,compensatory
0,0,3,1,1,0,2,72,punitive
5,7,61,7,0,0,154,73,punitive
0,0,16,0,3,0,9,74,compensatory
0,0,4,0,0,0,0,75,compensatory
0,0,0,33,0,1,47,76,compensatory
3,0,4,4,0,0,36,77,compensatory
1,0,11,9,0,0,1,78,compensatory
0,0,30,0,0,0,8,79,compensatory
0,0,3,17,0,0,3,80,compensatory
0,0,5,0,0,0,0,81,compensatory
0,0,33,7,1,0,0,82,notdefine
0,0,16,3,0,1,4,83,punitive
2,0,7,2,0,0,0,84,compensatory
0,0,0,0,0,0,5,85,compensatory
0,1,9,1,0,1,6,86,punitive
0,0,29,6,0,0,23,87,compensatory
10,0,3,4,0,0,7,88,compensatory
11,3,15,13,0,0,14,89,compensatory
0,0,24,0,0,0,0,90,compensatory
1,1,6,4,0,1,28,91,compensatory
1,5,26,18,0,0,34,92,compensatory
0,0,0,6,0,1,3,93,compensatory
0,0,0,3,0,1,0,94,compensatory
5,0,10,4,2,0,7,95,compensatory
0,0,0,0,0,0,6,96,compensatory
7,0,18,30,0,0,50,97,punitive
7,0,0,2,0,1,0,98,punitive
0,0,7,3,0,0,0,99,punitive
1,0,12,3,0,1,30,100,compensatory
0,0,21,9,0,1,14,101,punitive
12,2,4,18,0,0,41,102,compensatory
0,0,5,3,0,0,0,103,compensatory
0,2,25,18,0,0,15,104,compensatory
2,0,11,9,0,0,1,105,punitive
3,0,1,5,0,0,8,106,compensatory
0,0,1,52,0,0,1,107,punitive
3,0,7,20,0,0,21,108,compensatory
0,0,2,2,0,0,2,109,compensatory
0,0,40,24,3,1,28,110,compensatory
0,0,26,37,0,0,17,111,compensatory
3,0,4,5,0,0,4,112,compensatory
0,0,0,0,0,0,0,113,compensatory
0,0,2,0,0,1,0,114,compensatory
0,1,12,17,0,0,20,115,compensatory
0,2,2,48,0,1,12,116,compensatory
0,2,2,48,0,1,12,117,compensatory
0,0,25,0,0,1,0,118,compensatory
0,0,6,0,0,0,3,119,compensatory
0,0,38,0,0,0,0,120,punitive
0,1,16,0,0,0,0,121,compensatory
0,1,15,7,0,0,33,122,compensatory
3,0,6,117,2,1,40,123,compensatory
0,0,14,21,0,0,22,124,compensatory
0,0,26,1,0,0,3,125,compensatory
0,0,4,7,0,1,0,126,compensatory
0,0,18,53,1,1,26,127,punitive
0,1,8,18,0,0,37,128,compensatory
0,0,17,18,0,2,26,129,compensatory
0,0,1,1,0,0,1,130,punitive
0,0,10,0,0,0,1,131,punitive
1,0,2,3,0,1,27,132,compensatory
0,0,20,5,0,1,6,133,punitive
0,2,15,1,0,0,23,134,compensatory
0,0,12,3,2,1,34,135,compensatory
0,0,9,2,0,0,15,136,compensatory
0,0,5,4,0,0,0,137,compensatory
0,0,7,2,0,0,1,138,compensatory
0,0,2,0,0,0,1,139,punitive
0,0,21,8,0,1,26,140,compensatory
0,0,1,10,0,0,38,141,punitive
3,0,4,62,1,0,52,142,compensatory
0,1,16,0,0,0,0,143,punitive
0,0,3,7,0,0,20,144,compensatory
0,2,31,1,0,1,17,145,compensatory
0,2,3,0,0,0,0,146,compensatory
0,0,24,58,0,0,52,147,compensatory
2,0,5,3,0,1,15,148,compensatory
0,0,1,4,0,0,11,149,punitive
0,0,11,2,1,0,0,150,compensatory
0,0,8,66,0,0,1,151,compensatory
0,0,0,0,0,0,4,152,punitive
0,1,9,1,0,0,14,153,compensatory
0,2,58,31,0,0,0,154,punitive
0,0,10,3,0,0,0,155,notdefine
0,0,5,2,0,1,33,156,punitive
0,0,1,0,0,3,0,157,notdefine
0,0,1,0,0,3,0,158,compensatory
0,2,18,24,0,0,7,159,compensatory
0,2,18,25,0,0,7,160,compensatory
0,3,37,0,3,0,10,161,compensatory
3,0,10,8,0,1,46,162,punitive
0,0,1,0,0,1,2,163,compensatory
0,6,12,0,0,0,0,164,punitive
1,3,35,29,0,4,43,165,compensatory
0,0,3,0,0,1,1,166,compensatory
0,0,4,10,0,0,16,167,punitive
0,0,14,0,0,3,0,168,compensatory
0,0,3,57,0,0,19,169,compensatory
1,3,22,11,0,0,48,170,punitive
11,0,4,3,0,1,21,171,compensatory
1,0,1,37,0,0,7,172,compensatory
1,1,21,1,0,1,32,173,compensatory
0,0,0,6,0,0,6,174,compensatory
0,0,23,47,0,0,22,175,punitive
0,0,27,10,0,1,40,176,compensatory
1,0,19,6,0,0,7,177,punitive
1,0,1,12,0,1,27,178,compensatory
1,0,24,12,11,0,27,179,compensatory
0,0,18,8,0,0,13,180,compensatory
0,0,16,0,0,0,5,181,compensatory
0,0,7,1,0,2,0,182,compensatory
0,0,19,6,0,0,3,183,punitive
0,14,147,55,14,1,72,184,compensatory
13,0,1,145,7,1,68,185,compensatory
2,0,5,2,0,0,28,186,compensatory
0,0,1,29,0,0,34,187,compensatory
0,0,6,10,0,0,0,188,punitive
0,0,5,0,0,0,11,189,compensatory
0,0,1,0,0,1,20,190,compensatory
6,1,9,4,3,0,34,191,punitive
0,0,5,0,0,0,0,192,compensatory
0,0,0,32,0,0,11,193,compensatory
0,0,5,1,0,0,1,194,compensatory
0,1,8,149,1,0,69,195,compensatory
0,0,5,0,0,1,7,196,compensatory
0,0,1,23,0,0,16,197,punitive
0,0,15,0,0,0,3,198,compensatory
0,3,25,1,1,0,3,199,punitive
0,0,10,0,0,2,0,200,compensatory
3,4,12,165,0,0,67,201,compensatory
0,0,2,0,1,0,0,202,punitive
25,7,52,278,5,1,137,203,punitive
0,0,54,4,0,3,0,204,compensatory
0,0,7,229,0,1,15,205,compensatory
3,0,4,0,0,0,4,206,compensatory
0,0,14,3,2,3,23,207,compensatory
0,0,2,0,0,1,2,208,notdefine
0,0,1,1,0,0,0,209,compensatory
0,0,0,0,0,0,0,210,punitive
0,0,0,0,0,0,0,211,compensatory
1,4,26,4,0,0,24,212,compensatory
1,0,14,33,0,0,37,213,compensatory
3,0,0,61,0,1,34,214,compensatory
7,2,5,41,5,0,39,215,compensatory
0,0,5,0,0,1,20,216,punitive
0,0,6,0,0,1,1,217,punitive
2,0,3,6,0,1,14,218,compensatory
2,0,8,79,0,0,7,219,compensatory
0,0,7,4,0,0,9,220,punitive
0,1,7,0,0,0,0,221,punitive
0,0,12,0,0,0,0,222,compensatory
0,0,2,6,0,1,7,223,punitive
0,0,0,39,0,3,6,224,compensatory
0,0,1,55,0,3,6,225,punitive
0,0,0,11,0,1,8,226,compensatory
0,0,33,13,0,0,8,227,compensatory
2,3,8,38,0,1,41,228,compensatory
0,0,9,0,0,0,3,229,compensatory
0,0,6,17,0,1,4,230,punitive
0,0,0,3,0,0,0,231,compensatory
0,0,0,8,0,2,10,232,punitive
0,1,11,3,0,0,9,233,punitive
1,0,15,6,0,0,23,234,compensatory
29,0,0,82,7,0,40,235,compensatory
0,0,0,1,0,0,0,236,punitive
1,0,0,0,0,1,0,237,compensatory
0,0,22,13,0,1,0,238,compensatory
0,0,17,0,0,0,0,239,compensatory
0,0,0,6,0,0,8,240,punitive
1,0,0,3,0,1,0,241,punitive
3,0,1,92,0,1,45,242,compensatory
0,0,12,26,4,2,10,243,compensatory
0,0,26,2,0,8,4,244,punitive
0,0,21,2,0,4,8,245,punitive
0,0,3,3,0,0,0,246,compensatory
1,3,17,88,3,0,9,247,compensatory
0,0,2,0,0,0,11,248,compensatory
0,0,8,18,0,1,17,249,punitive
1,0,12,7,0,0,20,250,notdefine
0,0,22,166,1,0,51,251,punitive
0,0,22,166,1,0,51,252,compensatory
1,0,0,0,0,0,12,253,compensatory
0,0,3,0,0,0,2,254,compensatory
1,0,27,0,0,0,2,255,punitive
0,0,1,0,0,0,0,256,compensatory
0,0,13,2,0,0,0,257,compensatory
0,0,29,3,0,0,18,258,compensatory
0,0,27,5,0,1,0,259,punitive
4,0,0,39,0,0,30,260,compensatory
0,0,20,0,0,1,15,261,compensatory
0,0,17,14,0,0,50,262,punitive
0,1,11,18,0,0,23,263,punitive
0,0,26,8,0,1,3,264,compensatory
0,0,3,31,0,1,32,265,compensatory
0,0,10,17,1,1,5,266,punitive
96,0,3,14,24,1,71,267,compensatory
0,0,0,4,0,0,3,268,compensatory
0,0,17,29,0,4,29,269,compensatory
0,0,6,3,0,1,6,270,punitive
0,1,5,1,0,0,1,271,notdefine
1,2,17,41,0,0,61,272,punitive
0,0,5,0,0,6,13,273,compensatory
8,0,1,103,0,1,34,274,compensatory
0,0,0,19,0,0,0,275,compensatory
0,0,20,5,0,1,5,276,compensatory
0,0,1,0,0,1,17,277,punitive
0,0,6,3,0,0,1,278,punitive
0,0,7,12,2,1,13,279,compensatory
5,7,56,6,0,0,150,280,notdefine
0,1,7,0,0,1,0,281,punitive
0,0,50,4,0,2,0,282,compensatory
4,0,10,57,1,0,87,283,punitive
0,1,5,30,0,1,17,284,compensatory
1,0,28,44,2,0,33,285,compensatory
2,0,1,1,0,0,11,286,compensatory
0,0,2,9,0,1,24,287,compensatory
0,0,1,31,0,0,8,288,compensatory
0,0,25,38,0,1,35,289,compensatory
0,1,5,10,0,0,0,290,compensatory
5,0,9,13,0,0,33,291,compensatory
0,0,4,0,8,0,1,292,punitive
0,0,4,7,0,0,10,293,notdefine
0,1,5,2,0,1,24,294,punitive
0,0,8,5,0,0,3,295,compensatory
4,0,0,73,6,1,19,296,compensatory
0,0,8,0,0,0,4,297,punitive
3,1,7,82,0,0,25,298,compensatory
0,0,28,23,1,1,25,299,compensatory
0,0,0,14,0,1,7,300,compensatory
0,0,0,33,3,0,9,301,compensatory
0,0,2,0,0,0,0,302,punitive
0,0,1,1,0,0,1,303,compensatory
0,2,30,3,0,1,0,304,compensatory
0,0,0,14,0,3,0,305,compensatory
4,2,19,94,0,1,51,306,compensatory
42,1,23,30,4,0,182,307,compensatory
2,0,12,2,0,0,47,308,compensatory
71,0,11,244,45,1,123,309,compensatory
0,0,0,11,0,1,3,310,punitive
0,0,2,0,0,0,0,311,punitive
0,1,17,8,0,0,16,312,compensatory
0,0,2,26,0,1,0,313,compensatory
0,0,7,8,1,0,26,314,compensatory
0,0,6,46,1,0,50,315,compensatory
7,0,0,62,0,0,42,316,compensatory
0,0,18,0,0,0,1,317,compensatory
0,5,10,0,0,0,1,318,compensatory
3,1,10,100,0,0,23,319,compensatory
2,0,7,8,1,1,22,320,punitive
0,0,23,0,0,0,0,321,compensatory
0,0,2,1,0,0,8,322,compensatory
0,0,6,11,0,0,0,323,compensatory
0,0,12,0,0,0,1,324,punitive
0,0,6,6,0,0,1,325,compensatory
0,0,4,0,0,0,2,326,compensatory
8,0,6,17,4,1,129,327,compensatory
5,2,28,18,0,0,190,328,compensatory
0,5,12,10,0,0,34,329,punitive
4,0,1,107,0,0,32,330,compensatory
0,1,16,7,0,0,11,331,compensatory
12,0,14,0,0,1,17,332,compensatory
0,0,0,99,1,1,33,333,compensatory
0,0,8,0,0,0,3,334,compensatory
0,0,5,1,0,0,11,335,compensatory
1,0,3,4,0,0,1,336,punitive
0,0,29,0,0,0,1,337,compensatory
0,0,2,142,0,1,8,338,compensatory
0,5,5,2,0,0,44,339,compensatory
0,0,2,10,0,1,32,340,compensatory
0,0,17,167,7,1,17,341,compensatory
0,1,13,19,2,0,32,342,compensatory
0,0,29,0,0,0,0,343,compensatory
1,0,24,14,0,1,41,344,compensatory
0,0,18,15,0,0,41,345,compensatory
0,3,20,3,0,0,29,346,compensatory
0,2,32,29,1,0,31,347,compensatory
0,0,7,0,0,0,0,348,punitive
2,0,0,8,1,0,99,349,compensatory
0,0,16,3,4,1,0,350,compensatory
0,0,5,6,0,0,12,351,compensatory
0,0,13,1,0,0,15,352,punitive
0,0,8,113,0,1,19,353,compensatory
0,0,1,7,0,1,1,354,punitive
11,0,2,9,0,1,149,355,compensatory
0,0,4,5,0,0,0,356,compensatory
0,0,0,3,0,1,34,357,compensatory
0,0,3,17,0,1,22,358,compensatory
0,0,7,3,0,0,0,359,compensatory
0,0,0,0,0,0,1,360,punitive
0,0,3,1,0,0,2,361,punitive
0,0,10,9,0,1,3,362,punitive
8,0,10,21,0,0,33,363,compensatory
0,0,10,0,0,1,0,364,compensatory
2,0,12,10,2,0,18,365,compensatory
0,0,0,44,1,0,38,366,compensatory
3,0,8,3,0,1,0,367,compensatory
0,0,1,6,0,1,29,368,compensatory
0,0,3,2,0,1,4,369,compensatory
0,0,0,2,2,2,2,370,punitive
0,1,29,6,3,0,23,371,compensatory
0,0,19,0,0,1,30,372,punitive
1,0,3,181,0,1,15,373,compensatory
8,0,3,32,0,0,40,374,punitive
0,0,20,28,0,1,21,375,compensatory
1,0,33,1,0,0,0,376,compensatory
0,0,13,8,0,1,20,377,punitive
0,0,14,2,0,1,0,378,compensatory
11,2,4,11,0,0,34,379,compensatory
0,0,23,8,0,0,1,380,compensatory
0,0,22,10,0,0,1,381,compensatory
2,0,9,0,0,0,1,382,punitive
13,0,0,8,1,0,57,383,notdefine
2,0,13,41,1,0,17,384,punitive
0,0,81,10,0,3,0,385,compensatory
0,0,1,2,9,2,0,386,punitive
3,0,1,0,2,1,1,387,compensatory
0,0,1,0,0,0,2,388,compensatory
2,1,8,10,0,0,19,389,compensatory
1,0,2,1,0,0,3,390,compensatory
0,0,1,0,0,0,1,391,compensatory
2,0,1,33,0,0,15,392,compensatory
0,0,19,41,0,1,1,393,compensatory
0,1,15,58,0,1,40,394,compensatory
0,0,0,2,0,0,2,395,punitive
1,0,1,3,0,0,1,396,compensatory
0,0,9,4,0,0,1,397,punitive
0,0,11,8,0,0,1,398,compensatory
0,2,7,0,0,0,0,399,punitive
0,1,22,28,0,1,27,400,compensatory
8,0,20,11,0,0,45,401,compensatory
0,1,22,8,0,0,61,402,compensatory
